{"train_loss": [1.134774923324585, 1.1080666891733806, 1.1059355703989664, 1.1139594539006552, 1.107210431098938, 1.1065522003173829, 1.1072709115346273, 1.133653891881307, 1.1182914606730143, 1.1164099915822348], "val_loss": [1.1219734894601923, 1.1074930931392468, 1.129714808965984, 1.1084979082408704, 1.118132377925672, 1.0991692605771517, 1.102261787966678, 1.1060561192663092, 1.1204180717468262, 1.1210469509425915], "val_accuracy": [31.666666666666668, 31.666666666666668, 31.666666666666668, 35.5, 31.666666666666668, 35.5, 35.0, 37.5, 36.833333333333336, 32.5]}